{
  "component_seasonal_calibration": {
    "method": "component_seasonal",
    "train_years": [
      2020,
      2021,
      2022,
      2023
    ],
    "thermal_month_factor": {
      "1": 1.6747598060035342,
      "2": 1.9532983023278052,
      "3": 1.440592965187525,
      "4": 0.8436614229100237,
      "5": 0.660507384557291,
      "6": 0.5540418025852141,
      "7": 0.659103332080867,
      "8": 1.0594594625109786,
      "9": 2.111454146068945,
      "10": 1.963884474184033,
      "11": 1.0314326897800477,
      "12": 0.9935444231669696
    },
    "component_scale": {
      "fan_scale": 4.196153510553895,
      "pump_scale": 0.02999048818743369,
      "aux_scale": 0.00022515539985753298
    }
  },
  "residual_correction": {
    "method": "ridge_residual_on_component_seasonal",
    "alpha": 100.0,
    "base_col": "corrected_component_seasonal_kwh",
    "feature_names": [
      "intercept",
      "base_corrected_MWh",
      "T_amb_C",
      "T_amb_C_squared",
      "T_max_C",
      "RH_mean_pct",
      "GHI_mean_Wm2",
      "occ",
      "Q_cool_kw",
      "Q_heat_kw",
      "sin_doy",
      "cos_doy",
      "month_1",
      "month_2",
      "month_3",
      "month_4",
      "month_5",
      "month_6",
      "month_7",
      "month_8",
      "month_9",
      "month_10",
      "month_11"
    ],
    "feature_mean_except_intercept": [
      4.431168995516439,
      21.524590274138344,
      503.9238212650266,
      26.993495304378577,
      64.98546927362955,
      509.7443800472357,
      0.576986301369863,
      618.1254651123626,
      131.78360325486932,
      -0.0005764045219999963,
      0.0003338907034798909,
      0.08493150684931507,
      0.07671232876712329,
      0.08493150684931507,
      0.0821917808219178,
      0.08493150684931507,
      0.0821917808219178,
      0.08493150684931507,
      0.08493150684931507,
      0.0821917808219178,
      0.08493150684931507,
      0.0821917808219178
    ],
    "feature_std_except_intercept": [
      0.8759556109915068,
      6.373055373641091,
      275.34990492737444,
      6.935951087657417,
      10.697528536243677,
      77.38158418481021,
      0.27004152360309663,
      374.52333738246364,
      171.4155016789078,
      0.7067494255198368,
      0.7074636427423009,
      0.2787797445899178,
      0.26613445357985516,
      0.27877974458991783,
      0.27465668021593725,
      0.27877974458991783,
      0.27465668021593725,
      0.27877974458991783,
      0.27877974458991783,
      0.27465668021593725,
      0.27877974458991783,
      0.27465668021593725
    ],
    "coef": [
      -8.085323140664555e-13,
      -624.2815254073458,
      3.976634642005662,
      -43.70437802563757,
      -36.76260382969765,
      34.71567232542993,
      -46.966875463621925,
      -5.98670013681611,
      -51.976929513147354,
      -277.53484815910343,
      -92.75330019674199,
      -65.25771567230247,
      53.87762913658781,
      95.61301845005167,
      -71.25506487896371,
      -177.87995067776012,
      -88.37501215194139,
      29.74449049846328,
      120.83693418463142,
      200.1633062463504,
      28.326617987365637,
      -114.447183259086,
      -123.36428699050371
    ],
    "train_years": [
      2020,
      2021,
      2022,
      2023
    ]
  },
  "daily_shift_detection": {
    "lag_days": -7,
    "metrics": {
      "n": 1818,
      "reference_total_MWh": 8059.691202265,
      "model_total_MWh": 8168.765160213253,
      "total_difference_MWh": 109.07395794825159,
      "overall_percentage_error_pct": 1.3533267616704563,
      "MAPE_pct": 34.77323465731013,
      "WMAPE_pct": 35.813039246990165,
      "CVRMSE_pct": 45.15381757920811,
      "NMBE_pct": 1.3540715755183763,
      "MAE_kWh_day": 1587.6899743967977,
      "RMSE_kWh_day": 2001.7922238274052,
      "mean_daily_percentage_error_pct": 3.7428599774485143
    },
    "applied": false
  },
  "notes": [
    "Use component-seasonal calibration as the physically interpretable correction layer.",
    "Use residual correction only as a validation/calibration layer, not as a replacement for the physics solver.",
    "For future two-axis and three-axis runs, apply the same coefficients to clean/degraded strategy outputs only if building, weather, schedule, and HVAC system assumptions remain unchanged."
  ]
}